id,nome,documento,cep,estado,cidade,endereco
1,Dorothea,250.185.207-02,04901-647,PA,Lanta Timur,81172 Eggendart Hill
2,Webb,288.447.687-68,95146-042,MT,Kaltungo,399 Harbort Crossing
3,Cal,167.730.443-83,17478-705,MT,Ninghai,6 Oak Court
4,Sigfrid,749.991.146-21,19193-680,AP,Zhongguan,59623 Manufacturers Place
5,Emanuele,687.721.983-72,83358-722,PB,Urambo,11 Menomonie Plaza
6,Rozina,345.781.384-21,87751-424,RO,El Tablón,4 Karstens Plaza
7,Cherrita,464.771.889-11,95298-356,RN,Vạn Giã,1837 Johnson Court
8,Cheryl,050.269.125-98,17758-840,TO,Shaoguan,30 Scofield Terrace
9,Sayer,710.384.762-53,40132-413,GO,Ningshan Chengguanzhen,9538 Melvin Center
10,Garth,923.127.470-25,58533-606,RJ,Jiangcun,5963 Shasta Road
11,Sydel,819.304.367-65,24050-203,RO,Ấp Tân Ngãi,04 Warrior Lane
12,Brandice,107.308.910-20,78591-457,SE,Ibaan,70663 Surrey Crossing
13,Marquita,624.223.767-33,13324-556,RS,Ngorongoro,0637 Oak Plaza
14,Jennine,992.884.277-09,38133-411,PE,Tullich,3243 Myrtle Hill
15,Edvard,807.910.933-49,63552-516,MA,Dobra,8602 School Plaza
16,Donia,666.818.466-30,81382-943,CE,Guling,8945 Rowland Parkway
17,Janaya,401.853.720-31,38623-695,MT,Yajiang,85 Menomonie Circle
18,Gavrielle,720.500.934-21,15177-114,SC,Longka,52586 Union Hill
19,Bobette,619.873.150-02,37606-825,RR,Tibro,46873 Sommers Place
20,Modestia,687.278.929-82,87231-673,PA,Purac,1 Cascade Circle
21,Conrade,443.183.940-97,62736-960,RR,La Ensenada,3112 Darwin Street
22,Shayne,017.134.731-72,35232-139,RR,Ingarö,72 Express Terrace
23,Adrien,286.588.725-33,21055-765,PI,Riangbao,1253 Donald Hill
24,Niels,486.084.829-59,96425-166,RS,Azteca,4 Kinsman Crossing
25,Bud,555.285.139-74,02701-991,RR,Filótion,792 Longview Way
26,Chrysler,791.593.122-24,62614-845,SE,Kremenki,971 Comanche Drive
27,Angy,562.661.555-29,47753-997,SC,Skrzydlna,34722 Lake View Way
28,Woody,569.653.670-86,51577-876,PI,Dongfu,3 Hansons Pass
29,Shaun,381.572.520-48,27524-491,SE,Shigou,4 Rockefeller Road
30,Jessalyn,125.191.457-29,20104-672,PI,Yu erhong,10 Warrior Parkway
31,Ellen,846.344.104-47,34535-354,AM,Mysove,176 Mesta Lane
32,Sherwynd,015.917.201-08,01186-660,MS,Trà Ôn,0 Ridge Oak Junction
33,Orelia,990.240.154-76,85017-258,PE,Rivera,72662 Village Avenue
34,Monroe,256.570.918-66,49060-005,BA,Karasgede,20 Thackeray Avenue
35,Hurleigh,860.676.953-10,93318-194,MA,Llaillay,103 Hayes Hill
36,Leila,313.576.987-81,27800-908,CE,Akron,1424 Northridge Road
37,Andris,474.920.492-50,56182-280,MA,Huotong,5 Karstens Street
38,Kania,475.732.996-50,13906-847,AP,Newala Kisimani,15839 Vernon Road
39,Brock,290.948.905-76,28693-564,PR,Hobaramachi,424 Derek Drive
40,Hildy,724.647.868-84,07332-786,RJ,La Esperanza,1 Jenifer Point
41,Ulrike,660.894.368-52,80893-658,PB,Peso da Régua,910 Sommers Point
42,Stanton,926.997.369-86,20264-261,PR,Tutup,5 Anthes Way
43,Vito,302.131.442-81,97673-646,MT,Cookshire-Eaton,66 Ohio Parkway
44,Gillie,842.246.949-47,39469-049,PB,Viraco,5593 Esch Court
45,Henriette,805.969.352-34,47446-029,RO,Xinsheng,2846 Anhalt Terrace
46,Rosabel,245.736.702-02,11276-755,SP,Panikihan,4 Nobel Place
47,Maye,189.284.017-98,11920-876,PA,Gongfang,210 Oak Valley Hill
48,Leone,515.900.613-80,49059-551,RS,Duogongma,823 Riverside Hill
49,Terrence,739.035.225-23,08671-081,PR,Xiangdian,9540 Green Ridge Way
50,Rodd,655.646.417-02,19149-117,MA,Springfield,56 Stephen Court
51,Sarge,661.684.363-25,71789-706,MS,Bailai,1591 East Trail
52,Krisha,147.514.215-75,65323-405,MS,Cubará,7990 Tony Park
53,Therine,956.312.163-07,01823-329,RJ,Xianning,12 Carioca Court
54,Erica,002.921.863-56,63140-002,GO,Xicheng,74746 Calypso Avenue
55,Frederica,194.983.927-14,12597-212,DF,West Kelowna,56708 Bluejay Avenue
56,Lianna,915.140.264-21,15713-799,PE,Belčišta,2 Farwell Point
57,Sutherlan,451.503.663-47,94769-982,AC,Karlsruhe,28 Tennessee Drive
58,Helen-elizabeth,638.994.824-39,29189-411,PI,Qiaozi,85 Pennsylvania Avenue
59,Gregorio,685.541.747-51,38806-408,MS,Shido,260 Aberg Drive
60,Deanne,357.716.751-53,94635-220,AM,Solnechnyy,93 Armistice Road
61,Bonnie,915.398.486-46,81151-941,AP,Liberta,8131 Fair Oaks Parkway
62,Chrissie,413.304.391-91,76086-419,PB,Carapicuíba,26046 Kinsman Drive
63,Shandeigh,408.080.779-88,00021-983,BA,Pingle,4 Paget Center
64,Codee,462.684.186-68,06649-246,PE,Guilmaro,20 Caliangt Alley
65,Jaclyn,857.943.755-23,33118-227,AM,Sop Pong,1554 Arrowood Park
66,Martyn,609.554.083-54,03018-374,PA,Chating,6471 Bay Road
67,Artie,631.553.156-91,01329-931,TO,Ballyboden,0 Golf Pass
68,Ruth,270.815.569-73,23754-514,PE,Shangju,13031 Village Crossing
69,Ulrike,788.216.508-85,67979-850,SP,Ādilpur,4216 Everett Crossing
70,Briggs,724.108.917-80,83849-533,TO,Ratíškovice,8412 Corscot Way
71,Kim,143.753.410-16,48840-451,PB,Itapecerica,45 Dryden Hill
72,Ceil,102.205.322-51,81022-634,BA,Adare,8 Holmberg Road
73,Nicoline,862.222.175-33,70832-597,RJ,Chicama,47859 Forest Run Terrace
74,Jodee,052.238.880-13,85409-311,ES,Llocllapampa,97 Texas Park
75,Catlee,788.705.715-81,73493-002,CE,Roissy Charles-de-Gaulle,97387 Loeprich Point
76,Camilla,131.594.384-44,74139-636,MG,Gulonggang,56838 Sugar Point
77,Aili,049.176.790-58,87311-832,MA,Donggu,3 Heath Parkway
78,Ado,027.488.360-94,11388-273,RN,Huotian,11 Westport Junction
79,Robbin,780.323.718-04,26910-566,SE,Rejanegara,9 Crescent Oaks Alley
80,Kathleen,494.557.272-15,04653-044,MS,Évry,73509 Springs Road
81,Vannie,478.017.052-30,35773-932,CE,Labney,91994 La Follette Street
82,Shari,492.276.035-73,40841-600,RN,Sémé,553 Cody Hill
83,Shayne,225.781.795-68,26670-976,RO,Camindangan,8445 Armistice Trail
84,Ephrem,183.404.899-12,65723-926,BA,San Francisco,96 Forster Alley
85,Josiah,242.405.662-26,69550-560,RS,Siayan,4084 Anhalt Court
86,Eadith,139.231.067-72,25231-279,AC,Angers,7 Messerschmidt Terrace
87,Modesta,166.835.324-52,01761-116,AM,Huazhu,752 Bartelt Terrace
88,Collie,574.702.671-05,71810-992,MT,Vishnyeva,8713 Mcbride Street
89,Dedra,491.959.990-77,89868-709,ES,Uvarovka,428 High Crossing Junction
90,Quentin,738.933.794-59,93286-295,MT,Bolian,8 Memorial Lane
91,Ferguson,270.725.943-21,70598-680,PA,Wongka,5552 Amoth Park
92,Rocky,329.137.945-85,72558-624,PI,Jianjun,1 Ronald Regan Crossing
93,Welsh,329.886.424-66,10471-092,AM,Jiezi,35272 Portage Avenue
94,Orly,068.492.368-54,35112-616,MA,Bergen,076 Scofield Parkway
95,Gaspar,193.883.921-05,72505-103,DF,Angers,355 Cherokee Alley
96,Dalston,686.249.341-56,68797-138,DF,Bayawan,45850 Shoshone Terrace
97,Phylis,503.833.507-51,95809-899,PI,Kępno,10687 Oak Road
98,Chiquia,148.636.566-37,15048-945,RN,Lyon,141 Manitowish Alley
99,Diane-marie,270.957.615-62,67008-820,SP,Għaxaq,929 Sheridan Pass
100,Cathryn,799.430.991-21,22777-742,RR,Alaminos,9708 Springview Point
